<suite name="FlipkartTestSuite" parallel="tests">
<test name = "FlipKartFirefoxTest">
<parameter name="browser" value="chrome" />
<parameter name="pathForFirefoxDriver" value="C:\\Users\\sumit\\Selenium\\geckodriver-v0.14.0-win64\\geckodriver.exe"/>
<parameter name="pathForChromeDriver" value="C:\\Users\\sumit\\Selenium\\chromedriver_win32\\chromedriver.exe"/>
<parameter name="Username" value=""/>
<parameter name="Password" value=""/>
<parameter name="nameOfScreenshotForCartItems" value="cartScreenShot.png"/>
<parameter name="nameForScreenShotOfCompareItems" value="compareItemScreenShot.png"/>
<parameter name="itemToSearch" value="iPhone 7"/>
<parameter name="totalNumberOfItemsToAdd" value="25"/>
<classes>
<class name ="flipkartTest.FlipKartCompareItemTest"/>
<class name ="flipkartTest.FlipKartTest"/>
</classes>
</test>
<test name = "FlipKartChromeTest">
<parameter name="browser" value="firefox"/>
<parameter name="pathForFirefoxDriver" value="C:\\Users\\sumit\\Selenium\\geckodriver-v0.14.0-win64\\geckodriver.exe"/>
<parameter name="pathForChromeDriver" value="C:\\Users\\sumit\\Selenium\\chromedriver_win32\\chromedriver.exe"/>
<parameter name="Username" value=""/>
<parameter name="Password" value=""/>
<parameter name="nameOfScreenshotForCartItems" value="cartScreenShot.png"/>
<parameter name="nameForScreenShotOfCompareItems" value="compareItemScreenShot.png"/>
<parameter name="numOfItemsToComapare" value="3"/>
<parameter name="itemToSearch" value="iPhone 7"/>
<parameter name="totalNumberOfItemsToAdd" value="25"/>
<classes>
<class name ="flipkartTest.FlipKartTest"/>
<class name ="flipkartTest.FlipKartTest"/>
</classes>
</test>
</suite>
